SMId,Sense,AntiSense,"Efficacy, %","Concentration, nM",Reference
SM1442,GACGUAAACGGCCACAAGUUC,ACUUGUGGCCGUUUACGUCGC,85.5,10.0,19282453
SM2172,AUCUGAAGAAGGAGAAAAATT,UUUUUCUCCUUCUUCAGAUTT,88.0,0.3000000000000113,19042976
SM2181,AUCUGAAGAAGGAGAAAAATT,UCCUUUCUUUCUUUCGAAUTT,2.000000000000007,0.3000000000000113,19042976
SM2190,CGUACGCGGAAUACUUCGAUU,UCGAAGUAUUCCGCGUACGUG,4.230000000000004,50.0,18575806
SM2191,GCAGCACGACUUCUUCAAGUU,CUUGAAGAAGUCGUGCUGCUU,77.3,50.0,18575806
SM2200,UAGUUCUGUGGGGCUGUUUUU,AAACAGCCCCACAGAACUAUU,13.0,50.0,18575806
SM2203,UUCUUCGAACGUGUCACGUTT,ACGUGACACGUUCGAAGAATT,26.0,2.0,17894530
SM2204,CUGGAGCAAGUUGCAAAGCAUUGGAAU,AUUCCAAUGCUUUGCAACUUGCUCCAG,4.0,2.0,17894530
SM2205,GGCCUUUCACUACUCCUACGA,GUAGGAGUAGUGAAAGGCCAG,88.0,2.0,17894530
SM2206,GGCCUUUCACUACUCCUACGA,GUAGGAGUAGUGAAAGGCCAG,48.0,50.0,17894530
SM2208,CUGGCCUUUCACUACUCCUACGAGCAC,GUGCUCGUAGGAGUAGUGAAAGGCCAG,87.0,2.0,17894530
SM2217,CUGGCCUUUCACUACUCCUACGAGCAC,GUGCUCGUAGGAGUAGUGAAAGGCCAG,83.0,50.0,17894530
SM2235,GGCCUUUCACUACUCCUACGAGCAC,GUGCUCGUAGGAGUAGUGAAAGGCCAG,83.0,0.5,17894530
SM2239,AAGGAGAUCAACAUUUUCATT,UGAAAAUGUUGAUCUCCUUTT,81.0,2.0,16598842
SM2264,AAGUAAGGACCAGAGACAAA,UUUGUCUCUGGUCCUUACUU,50.0,0.9499999999999886,16509579
SM2273,AAGUAAGGACCAGAGACAA,UUGUCUCUGGUCCUUACUU,50.0,0.3999999999999772,16509579
SM2287,AAGUAAGGACCAGAGACAATT,UUGUCUCUGGUCCUUACUUTT,66.0,2.0,15715458
SM2288,AAGUAAGGACCAGAGACAA,UUGUCUCUGGUCCUUACUU,72.0,2.0,15715458
SM2289,AAGCAAGGAGAAGCGAUAA,UUAUCGCUUCUCGUUGCUU,0.0,2.0,15715458
SM2290,GGGUAAAUACAUUCUUCAUTT,AUGAAGAAUGUAUUUACCCTT,62.0,2.0,15715458
SM2291,GGGUAAAUACAUUCUUCAU,AUGAAGAAUGUAUUUACCC,64.0,2.0,15715458
SM2292,GGGAAAGUAUCUUGUUUAU,AUAAACAAGAUACUUUCCC,9.999999999999991,2.0,15715458
SM2314,ACAUGAAGCAGCACGACUUTT,AAGUCGUGCUGCUUCAUGUTT,90.0,20.0,17585051
SM2315,AUGAAGCAGCACGACUUTT,AAGUCGUGCUGCUUCAUTT,75.0,20.0,17585051
SM2316,GAAGCAGCACGACUUTT,AAGUCGUGCUGCUUCTT,5.0,20.0,17585051
SM2320,AGCUUUGUGGAGAUGGUGGTT,CCACCAUCUCCACAAAGCUTT,70.0,5.0,17585051
SM2323,AUACAGGCAGCAGUAACUUUTT,AAAGUUACUGCUGCCUGUAUTT,62.0,1.0,17585051
SM2343,AUCUGAAGAAGGAGAAAAATT,UUUUUCUCCUUCUUCAGAUTT,91.0,0.8000000000000114,23764303
SM2348,CGUGACCGCACACCCAAUATT,UAUUGGGUGUGCGGUCACGGT,26.0,10.0,23743442
SM2349,ACCUUGAGGCAUACUUCAATT,UUGAAGUAUGCCUCAAGGUCG,90.0,10.0,23743442
SM2370,CUUCUUCGUCGAGACCAUGTT,CAUGGUCUCGACGAAGAAGTT,35.0,0.1000000000000227,23743279
SM2377,CUUCUUCGUCGAGACCAUGTT,CAUGGUCUCGACGAAGAAGTT,64.0,1.0,23743279
SM2384,CUUCUUCGUCGAGACCAUGTT,CAUGGUCUCGACGAAGAAGTT,82.0,10.0,23743279
SM2410,AAUCAGACAAGUUCUUCAUTT,AUGAAGAACUUGUCUGAUUTT,96.0,1.0,23682800
SM2416,AAUCAGACAAGUUCUUCAUTT,AUGAAGAACUUGUCUGAUUTT,83.0,0.1000000000000227,23682800
SM2422,GGAUAUUGUCAGUCUUUAGGUU,CCUAAAGACUGACAAUAUCCUU,81.0,1.0,23449220
SM2435,GGAUAUUGUCAGUCUUUAGGUU,CCUAAAGACUGACAAUAUCCUU,62.0,1.0,23449220
SM2441,GGAUAUUGUCAGUCUUUAGGUU,CCUAAAGACUGACAAUAUCCUU,82.0,1.0,23449220
SM2447,AUCUGAAGAAGGAGAAAAATT,UUUUUCUCCUUCUUCAGAUTT,50.0,0.0249999999999772,23362010
SM2478,GGCCUUUCACUACUCCUACGA,GUAGGAGUAGUGAAAGGCCAG,83.0,1.0,22982308
SM2486,CAGCAAACCACGAUCAAUATT,UAUUGAUCGUGGUUUGCUGTT,71.0,50.0,22889374
SM2489,CAGAGCAAUUGUUUACCUATT,UAGGUAAACAAUUGCUCUGTT,73.0,50.0,22889374
SM2492,GGAUUGACCUCUCAUAUAATT,UUAUAUGAGAGGUCAAUCCTT,0.0,50.0,22889374
SM2497,CGUUAGCAGAAACAAAAGGAG,CUCCUUUUGUUUCUGCUAACG,97.04634135076702,16.361812203396994,12771196
SM2498,CGUGAGCACAAAGAAAAUGAG,CUCAUUUUCUUUGUGCUCACG,46.73201164450531,27.987764149556853,12771196
SM2503,UGGAAUGAACCACUGGAAUUU,AAAUUCCAGUGGUUCAUUCCA,88.50463142173052,31.55026173935468,12771196
SM2505,CGAGGGGAGUACAUCAAGAUU,UCUUGAUGUACUCCCCUCGUU,73.84996995717323,36.299704012160646,12771196
SM2506,CGAGGGGAGUACAUCAAGACC,UCUUGAUGUACUCCCCUCGUU,75.87629506653764,29.573305147043182,12771196
SM2509,GAGGGGAGUACAUCAAGAC,CUUGAUGUACUCCCCUCUG,41.76505798868337,1.4025799211466392,12771196
SM2533,UCUUGAUGUACUCCCCUCGTT,CGAGGGGAGUACAUCAAGATT,82.0,29.8085305076805,12771196
SM2539,AAUUCCAGUGGUUCAUUCC,GGAAUGAACCACUGGAAUU,4.0,17.139208455518087,12771196
SM2544,UGGCCAAUGCCAAGGAGAUUU,AUCUCCUUGGCAUUGGCCAUU,16.0,0.1000000000000227,17511001
SM2553,UGGCCAAUGCCAAGGAGAUUU,AUCUCCUUGGCAUUGGCCAUU,49.0,1.0,17511001
SM2562,UGGCCAAUGCCAAGGAGAUUU,AUCUCCUUGGCAUUGGCCAUU,60.0,5.0,17511001
SM2571,UGGCCAAUGCCAAGGAGAUUU,AUCUCCUUGGCAUUGGCCAUU,90.0,20.0,17511001
SM2585,CUUACGCUGAGUACUUCGATT,UCGAAGUACUCAGCGUAAGTT,50.0,0.2099999999999795,17163665
SM2592,CUUACGCUGAGUACUUCGATT,UCGAAGUACUCAGCGUAAGTT,50.0,0.0,17163665
SM2593,CUUACGCUGAGUACUUCGATT,UCGAAGUACUCAGCGUAAGTT,50.0,0.0,17163665
SM2594,CUUACGCUGAGUACUUCGATT,UCGAAGUACUCAGCGUAAGTT,50.0,0.920000000000016,17163665
SM2599,CUUACGCUGAGUACUUCGATT,UCGAAGUACUCAGCGUAATT,35.0,10.0,17881374
SM2600,CUUACGCUGAGUACUUCGATT,UCGAAGUACUCAGCGUAATT,35.0,10.0,17881374
SM2601,GCGGAUCAAACCUCACCAATT,UUGGUGAGGUUUGAUCCGCTT,93.0,17.0,17881374
SM2606,GACGUAAACGGCCACAAGUUC,ACUUGUGGCCGUUUACGUCGC,71.0,10.0,17904849
SM2613,CGUACGCGGAAUACUUCGAUU,UCGAAGUAUUCCGCGUACGUU,69.0,25.0,18094121
SM2614,CGUACGCGGAAUACUUCGAUU,TCGAAGUAUUCCGCGUACGUU,75.0,25.0,18094121
SM2616,TGUACGCGGAAUACUUCGAUU,UCGAAGUAUUCCGCGUACGUU,65.0,25.0,18094121
SM2618,UUAGUCGAAUGCAAGACAAUT,UUGUCUUGCAUUCGACUAAUT,90.0,25.0,18094121
SM2622,UUAAGAUCUGUUAUCCGCAUT,UGCGGAUAACAGAUCUUAAUT,89.0,25.0,18094121
SM2626,UUAAGAUCUGUUAUCCGCAUT,UGCGGAUAACAGAUCUUAAUT,70.0,25.0,18094121
SM2627,UUAAGAUCUGUUAUCCGCAUT,AGCGGAUAACAGAUCUUAAUT,69.0,25.0,18094121
SM2628,UUAAGAUCUGUUAUCCGCAUT,UCCGGAUAACAGAUCUUAAUT,76.0,25.0,18094121
SM2629,UUAAGAUCUGUUAUCCGCAUT,UGGGGAUAACAGAUCUUAAUT,65.0,25.0,18094121
SM2630,UUAAGAUCUGUUAUCCGCAUT,UGCCGAUAACAGAUCUUAAUT,60.0,25.0,18094121
SM2631,UUAAGAUCUGUUAUCCGCAUT,UGCGCAUAACAGAUCUUAAUT,61.0,25.0,18094121
SM2635,CGAUGUGUCUAUUGAAGAUUC,AUCUUCAAUAGACACAUCGGC,3.0,0.0020000000000095,18367449
SM2637,CGAUGUGUCUAUUGAAGAUUC,AUCUUCAAUAGACACAUCGGC,14.0,0.0199999999999818,18367449
SM2639,CGAUGUGUCUAUUGAAGAUUC,AUCUUCAAUAGACACAUCGGC,55.0,0.1999999999999886,18367449
SM2641,CGAUGUGUCUAUUGAAGAUUC,AUCUUCAAUAGACACAUCGGC,68.0,2.0,18367449
SM2644,CUUACGCUGAGUACUUCGATT,UCGAAGUACUCAGCGUAAGTT,88.0,25.0,19233658
SM2658,UCGAAGUAUUCCGCGUACGTT,CGUACGCGGAAUACUUCGATT,83.0,100.0,19325750
SM2662,UCGAAGUAUUCCGCGUACGTT,CGUACGCGGAAUACUUCGATT,80.0,10.0,19325750
SM2666,UCGAAGUAUUCCGCGUACGTT,CGUACGCGGAAUACUUCGATT,75.0,1.0,19325750
SM2670,UCGAAGUAUUCCGCGUACGTT,CGUACGCGGAAUACUUCGATT,64.0,0.1000000000000227,19325750
SM2674,CUAAGGACCUAACAAAGUUUU,AACUUUGUUAGGUCCUUAGUU,60.0,10.0,20005874
SM2676,CUAAGGACCUAACAAAGUUUU,AACUUUGUUAGGUCCUUAGUU,0.0,10.0,20005874
SM2687,UUCUCCGAACGUGUCACGUUUU,ACGUGACACGUUCGGAGAAUUU,76.0,10.0,20005874
SM2706,UCGAAGUAUUCCGCGUACGTT,CGUACGCGGAAUACUUCGATT,78.0,0.0319999999999822,20485810
SM2713,UCGAAGUAUUCCGCGUACGTT,CGUACGCGGAAUACUUCGATT,74.0,0.0319999999999822,20485810
SM2720,UCGAAGUAUUCCGCGUACGTT,CGUACGCGGAAUACUUCGATT,75.0,0.3199999999999932,20485810
SM2727,UCGAAGUAUUCCGCGUACGTT,CGUACGCGGAAUACUUCGATT,72.0,0.3199999999999932,20485810
SM2734,UCGAAGUAUUCCGCGUACGTT,CGUACGCGGAAUACUUCGATT,72.0,0.3199999999999932,20485810
SM2741,UCGAAGUAUUCCGCGUACGTT,CGUACGCGGAAUACUUCGATT,67.0,0.3199999999999932,20485810
SM2748,UCGAAGUAUUCCGCGUACGTT,CGUACGCGGAAUACUUCGATT,77.0,0.3199999999999932,20485810
SM2755,UCGAAGUAUUCCGCGUACGTT,CGUACGCGGAAUACUUCGATT,69.0,0.3199999999999932,20485810
SM2762,UCGAAGUAUUCCGCGUACGTT,CGUACGCGGAAUACUUCGATT,66.0,0.3199999999999932,20485810
SM2769,UCGAAGUAUUCCGCGUACGTT,CGUACGCGGAAUACUUCGATT,70.0,0.3199999999999932,20485810
SM2776,CUUACGCUGAGUACUUCGATT,TCGAAGUACUCAGCGUAAGTT,80.0,5.719949955128186,20610434
SM2821,CUUACGCUGAGUACUUCGATT,TCGAAGUACUCAGCGUAAGTT,50.0,0.1440000000000054,20610434
SM2827,CUUACGCUGAGUACUUCGAAA,UCGAAGUACUCAGCGUAAGUG,50.0,0.1440000000000054,20610434
SM2837,AAGUAAGGACCAGAGACAATT,UUGUCUCUGGUCCUUACUUTT,50.0,0.1789999999999736,20610434
SM2838,AAGUAAGGACCAGAGACAATT,UUGUCUCUGGUCCUUACUUTT,50.0,0.0919999999999845,20610434
SM2839,AAGUAAGGACCAGAGACAATT,UUGUCUCUGGUCCUUACUUTT,50.0,0.0760000000000218,20610434
SM2840,AAGUAAGGACCAGAGACAATT,UUGUCUCUGGUCCUUACUUTT,50.0,0.065999999999974,20610434
SM2841,AAGUAAGGACCAGAGACAATT,UUGUCUCUGGUCCUUACUUTT,50.0,0.0520000000000209,20610434
SM2842,AAGUAAGGACCAGAGACAATT,UUGUCUCUGGUCCUUACUUTT,50.0,0.021000000000015,20610434
SM2843,AAGUAAGGACCAGAGACAATT,UUGUCUCUGGUCCUUACUUTT,50.0,0.0529999999999972,20610434
SM2848,CAAGUGUCAUCACACUGAATT,UUCAGUGUGAUGACACUUGTT,61.0,10.0,21942264
SM2868,CAAGUGUCAUCACACUGAATT,UUCAGUGUGAUGACACUUGTT,81.0,10.0,21942264
SM2888,CAAGUGUCAUCACACUGAATT,UUCAGUGUGAUGACACUUGTT,81.0,10.0,21942264
SM2908,GACGUAAACGGCCACAAGUUC,ACUUGUGGCCGUUUACGUCGC,91.09561009259212,1.0,21687525
SM2915,GACUUAGACUGACACAAGUUC,CUUGUGUCAGUCUAAGUCGC,77.20939426200886,1.0,21687525
SM2916,GACGUAAACGGCCACAAGUUC,ACUUGUGGCCGUUUACGUCGC,79.98277709992718,5.0,21687525
SM2923,GACUUAGACUGACACAAGUUC,CUUGUGUCAGUCUAAGUCGC,57.34247521704948,5.0,21687525
SM2924,GACGUAAACGGCCACAAGUUC,ACUUGUGGCCGUUUACGUCGC,93.79865249711358,25.0,21687525
SM2931,GACUUAGACUGACACAAGUUC,CUUGUGUCAGUCUAAGUCGC,70.52598787053547,25.0,21687525
SM2940,AAGCUGACCCUGAAGUUCAUCUGCACC,GGUGCAGAUGAACUUCAGGGUCAGCUU,82.0,1.5600000000000025,21739319
SM2946,AAGCUGACCCUGAAGUUCAUCUGCACC,GGUGCAGAUGAACUUCAGGGUCAGCUU,91.0,1.5600000000000025,21739319
SM2952,GUAUGACCGACUACGCGUATT,UUCAGUGUGAUGACACUUGTT,95.0,10.0,19917641
SM2976,GCAGCACGACUUCUUCAAGTT,CUUGAAGAAGUCGUGCUGCTT,93.0,50.0,12923253
SM3002,GCAGCACGACUUCUUCAAGTT,CUUGAAGAAGUCGUGCUGCTT,35.0,50.0,12923253
SM3003,GCAGCACGACUUCUUCAAGTT,CUUGAAGAAGUCGUGCUGCTT,77.0,50.0,12923253
SM3008,GACGUAAACGGCCACAAGUUCU,ACUUGUGGCCGUUUACGUCGCU,89.0,10.0,22287630
SM3016,GUUCACCUUGAUGCCGUUCUU,GAACGGCAUCAAGGUGAACUU,78.0,25.0,15545637
SM3031,GUUCACCUUGAUGCCGUUCUU,GAACGGAACUACGGUGAACUU,0.0,25.0,15545637
SM3032,GUUCACCUUGAUGCCGUUCUU,GAACGGAACUACGGUGAACUU,0.0,25.0,15545637
SM3033,GUUCACCUUGAUGCCGUUCUU,GCACGACUUCUUCAAGUCCUU,65.0,25.0,15545637
SM3036,GUUCACCUUGAUGCCGUUCUU,GCACGCUUCUUCAAAGUCCUU,0.0,25.0,15545637
SM3037,CUUACGCUGAGUACUUCGATT,UCGAAGUACUCAGCGUAAGTT,95.0,13.0,15653644
SM3038,AUCUGAAGAAGGAGAAAAATT,UUUUUCUCCUUCUUCAGAUTT,90.0,13.0,15653644
SM3039,UGAGAGAAAGCACAGAAAATT,UUUUCUGUGCUUUCUCUCATT,73.0,13.0,15653644
SM3041,UCCAGAACAAAACCAAACGGTT,CCGUUUGGUUUGUUCUGGATT,28.0,13.0,15653644
SM3042,GGACGAGGAAGGCAAUUUATT,UAAAUUGCCUUCCUCAUCCTT,48.0,13.0,15653644
SM3043,CUGGUACGAUUUCGGUGAUTT,AGCACCGAAAUCGUACCAGTT,0.0,13.0,15653644
SM3044,ACUGUCAAACCCGGUAAUUTT,AAUUACCGGGUUUGACAGUTT,15.0,13.0,15653644
SM3089,GCUUGAAGUCUUUAAUUAATT,UUAAUUAAAGACUUCAAGCGG,50.0,0.160000000000025,17284457
SM3090,GCUUGAAGUCUUUAAUUAATT,UUAAUUAAAGACUUCAAGCGG,50.0,0.0400000000000204,17284457
SM3100,GCUUGAAGUCUUUAAUUAAGG,UUAAUUAAAGACUUCAAGCGG,50.0,0.8700000000000045,17284457
SM3129,CUUCCUCUCUUUCUCUCCCUUGUGA,UCACAAGGGAGAGAAAGAGAGGAAGGA,0.0,10.0,18637735
SM3130,GCACCAGAGCCAAUGGAACUUGATG,CAUCAAGUUCCAUUGGCUCUGGUGCUU,93.0,10.0,18637735
SM3147,CUUCCUCUCUUUCUCUCCCUUGUGA,UCACAAGGGAGAGAAAGAGAGGAAGGA,0.0,1.0,18637735
SM3148,GCACCAGAGCCAAUGGAACUUGATG,CAUCAAGUUCCAUUGGCUCUGGUGCUU,95.0,1.0,18637735
SM3165,CUUCCUCUCUUUCUCUCCCUUGUGA,UCACAAGGGAGAGAAAGAGAGGAAGGA,0.0,0.1000000000000227,18637735
SM3166,GCACCAGAGCCAAUGGAACUUGATG,CAUCAAGUUCCAUUGGCUCUGGUGCUU,87.0,0.1000000000000227,18637735
SM3183,GCCAGACUUUGUUGGAUUUGAAATT,AAUUUCAAAUCCAACAAAGUCUGGCUU,0.0,0.1000000000000227,18637735
SM3184,ACCCUGAAGUUCAUCUGCACCACCG,CGGUGGUGCAGAUGAACUUCAGGGUCA,34.0,0.1000000000000227,18637735
SM3189,GCCAGACUUUGUUGGAUUUGAAATT,AAUUUCAAAUCCAACAAAGUCUGGCUU,0.0,1.0,18637735
SM3190,ACCCUGAAGUUCAUCUGCACCACCG,CGGUGGUGCAGAUGAACUUCAGGGUCA,96.0,1.0,18637735
SM3195,GCCAGACUUUGUUGGAUUUGAAATT,AAUUUCAAAUCCAACAAAGUCUGGCUU,0.0,10.0,18637735
SM3196,ACCCUGAAGUUCAUCUGCACCACCG,CGGUGGUGCAGAUGAACUUCAGGGUCA,98.0,10.0,18637735
SM3202,GCCAGACUUUGUUGGAUUUUGAAATT,AAUUUCAAAUCCAACAAAGUCUGGCUU,81.0,0.1000000000000227,18637735
SM3205,GCCAGACUUUGUUGGAUUUUGAAATT,AAUUUCAAAUCCAACAAAGUCUGGCUU,93.0,1.0,18637735
SM3208,GCCAGACUUUGUUGGAUUUUGAAATT,AAUUUCAAAUCCAACAAAGUCUGGCUU,96.0,10.0,18637735
SM3211,GCCAGUAAUUCAGCAGUUUGAACAA,UUGUUCAAACUGCUGAAUUACUGGCUG,43.0,0.0099999999999909,18637735
SM3215,GCAUUCCAGAGAAAGCGUUUAAUTT,AAAUUAAACGCUUUCUCUGGAAUGCCU,54.0,0.0099999999999909,18637735
SM3217,GCCAGUAAUUCAGCAGUUUGAACAA,UUGUUCAAACUGCUGAAUUACUGGCUG,78.0,0.0500000000000113,18637735
SM3221,GCAUUCCAGAGAAAGCGUUUAAUTT,AAAUUAAACGCUUUCUCUGGAAUGCCU,83.0,0.0500000000000113,18637735
SM3223,GCCAGUAAUUCAGCAGUUUGAACAA,UUGUUCAAACUGCUGAAUUACUGGCUG,89.0,0.0249999999999772,18637735
SM3227,GCAUUCCAGAGAAAGCGUUUAAUTT,AAAUUAAACGCUUUCUCUGGAAUGCCU,87.0,0.0249999999999772,18637735
SM3229,GUGGGAGCGCGUGAUGAACTT,GUUCAUCACGCGCUCCCACTT,0.0,50.0,18776474
SM3230,GCAGCACGACUUCUUCAAGTT,CUUGAAGAAGUCGUGCUGCTT,80.0,50.0,18776474
SM3234,GCAGCACGACUUCUUCAAGTT,CUUGAAGAAGUCGUGCUGCTT,77.0,20.0,21687522
SM3235,GUGGGAGCGCGUGAUGAACTT,GUUCAUCACGCGCUCCCACTT,0.0,20.0,21687522
SM3248,GCAGCACGACUUCUUCAAGTT,CUUGAAGAAGUCGUGCUGCTT,52.0,5.0,21687522
SM3249,GUGGGAGCGCGUGAUGAACTT,GUUCAUCACGCGCUCCCACTT,0.0,5.0,21687522
SM3262,GCAGCACGACUUCUUCAAGTT,CUUGAAGAAGUCGUGCUGCTT,26.0,2.0,21687522
SM3263,GUGGGAGCGCGUGAUGAACTT,GUUCAUCACGCGCUCCCACTT,0.0,2.0,21687522
SM3276,GUAUUGACAGCUAUUCGAATT,UUCGAAUAGCUGUCAAUACTT,36.0,50.0,17264131
SM3307,GCACGAAUCCUAAACCUCAUU,UGAGGUUUAGGAUUCGUGCUU,89.0,20.0,19948766
SM3313,ACGAAUCCUAAACCUCA,UGAGGUUUAGGAUUCGUGC,70.0,20.0,19948766
SM3337,ACGAAUCCUAAACCUCA,UGAGGUUUAGGAUUCGUGC,95.0,20.0,19948766
SM3350,AGACGAGCUGAGCGAGAAGTT,TTUCUGCUCGACUCGCUCUUC,90.0,200.0,12834349
SM3369,CUUACGCUGAGUACUUCGAUU,UUUGAAUGCGACUCAUGAAGCU,21.0,20.0,18066804
SM3372,GUGGUAUUGUUCCUCCUAATT,UUAGGAGGAACAAUACCACTT,50.0,1.5,16343994
SM3375,GUGAUCAGACUCAAUACGAAU,AUUCGUAUUGAGUCUGAUCACAC,50.0,1.5,16343994
SM3377,GUCAUCACACUGAAUACCAAU,AUUGGUAUUCAGUGUGAUGACAC,50.0,1.5,16343994
SM3381,UUGAUGUGUUUAGUCGCUAUU,UAGCGACUAAACACAUCAAUU,50.0,1.5,16343994
SM3383,TTAUCUCCAUGCACGACUCCG,UAGAGGUACGUGCUGAGGCTT,34.0,25.0,17979170
SM3388,GGACCACCGCAUCUCUACATT,GGACCACCGCAUCUCUACATT,92.0,10.0,20704260
SM3405,CGAUGUGUCUAUUGAAGAUUC,CGGCUACACAGAUAACUUCUA,19.0,20.0,18367449
SM3440,AGCGCUUAAAGGGCGAGAAGAUU,UCUUCUCGCCCUUUAAGCGCUUU,84.0,13.0,"US20120088815A1, EP2415869A1"
SM3458,AGCGCUUAAAGGGCGAGAAGAUU,UCUUCUCGCCCUUUAAGCGCUUU,85.0,13.0,"US20120088815A1,   EP2415869A1"
SM3465,AACCCACCACAGCUAGAACUU,AAGUUCUAGCUGUGGUGGGUU,86.0,13.0,"US20120088815A1, EP2415869A1"
SM3483,AACCCACCACAGCUAGAACUU,AAGUUCUAGCUGUGGUGGGUU,78.0,13.0,"US20120088815A1,   EP2415869A1"
SM3503,AGAAGGACUACUAACCUCCTT,GGAGGUUAGUAGUCCUUCUTT,83.0,13.0,"US20120088815A1, EP2415869A1"
SM3507,GGACUACUAACCUCCAGUUTT,AACUGGAGGUUAGUAGUCCTT,69.0,13.0,"US20120088815A1,   EP2415869A1"
SM3511,GAAACUGGUACUUUCCCCCTT,GGGGGAAAGUACCAGUUUCTT,69.0,13.0,"US20120088815A1, EP2415869A1"
SM3515,UUUCCCCCAGGUAACGAUUTT,AAUCGUUACCUGGGGGAAATT,70.0,13.0,"US20120088815A1,   EP2415869A1"
SM3519,CCCCAGGUAACGAUUUUCUTT,AGAAAAUCGUUACCUGGGGTT,86.0,13.0,"US20120088815A1, EP2415869A1"
SM3523,GGGAAACUGAAAGGCUAUGTT,CAUAGCCUUUCAGUUUCCCTT,57.0,13.0,"US20120088815A1,   EP2415869A1"
SM3527,GCGAGCAGAGAAUCUACCUTT,AGGUAGAUUCUCUGCUCGCTT,97.0,13.0,"US20120088815A1, EP2415869A1"
SM3531,GCAGAGAAUCUACCUUUCCTT,GGAAAGGUAGAUUCUCUGCTT,79.0,13.0,"US20120088815A1,   EP2415869A1"
SM3535,ACCUUUCCACUUCUAAGCCTT,GGCUUAGAAGUGGAAAGGUTT,84.0,13.0,"US20120088815A1, EP2415869A1"
SM3539,CUAAGCCUGUUUCUUCCUCTT,GAGGAAGAAACAGGCUUAGTT,90.0,13.0,"US20120088815A1,   EP2415869A1"
SM3543,GAAGAUAGGAAGGGGCUUCTT,GAAGCCCCUUCCUAUCUUCTT,55.0,13.0,"US20120088815A1, EP2415869A1"
SM3547,AAUAAGCAGCUCGCGCUCCTT,GGAGCGCGAGCUGCUUAUUTT,73.0,13.0,"US20120088815A1,   EP2415869A1"
SM3551,UAGCCAGAGCCAAAGAAGCTT,GCUUCUUUGGCUCUGGCUATT,93.0,13.0,"US20120088815A1, EP2415869A1"
SM3555,AACAGUCCUUAGCUACGCUTT,AGCGUAGCUAAGGACUGUUTT,49.0,13.0,"US20120088815A1,   EP2415869A1"
SM3559,CUAGAGGAUCUUGAAGACCTT,GGUCUUCAAGAUCCUCUAGTT,72.0,13.0,"US20120088815A1, EP2415869A1"
SM3563,AUCGACCUGAAGGAGUACGTT,CGUACUCCUUCAGGUCGAUTT,52.0,13.0,"US20120088815A1,   EP2415869A1"
SM3567,GAUAGGAAGGGGCUUCAGCTT,GCUGAAGCCCCUUCCUAUCTT,53.0,13.0,"US20120088815A1, EP2415869A1"
SM3571,AGUCCCUGGAGCCUUAAACTT,GUUUAAGGCUCCAGGGACUTT,72.0,13.0,"US20120088815A1,   EP2415869A1"
SM3575,AGCCACAUUUCUAGGAGAUTT,AUCUCCUAGAAAUGUGGCUTT,39.0,13.0,"US20120088815A1, EP2415869A1"
SM3579,GAUUCCAAACCCCACUAUCTT,GAUAGUGGGGUUUGGAAUCTT,73.0,13.0,"US20120088815A1,   EP2415869A1"
SM3583,GAUACUUCUGGUUCCCUCCTT,GGAGGGAACCAGAAGUAUCTT,53.0,13.0,"US20120088815A1, EP2415869A1"
SM3587,AGAGAAGGGCGUCUCUACATT,UGUAGAGACGCCCUUCUCUTT,83.0,13.0,"US20120088815A1,   EP2415869A1"
SM3591,AGUUUCUAGGGCCGUGGCCTT,GGCCACGGCCCUAGAAACUTT,90.0,13.0,"US20120088815A1, EP2415869A1"
SM3595,GAAGAGUUAACCCGGGACUTT,AGUCCCGGGUUAACUCUUCTT,62.0,13.0,"US20120088815A1,   EP2415869A1"
SM3599,CCGCCCGGCGGCGCCUUUATT,UAAAGGCGCCGCCGGGCGGTT,95.0,13.0,"US20120088815A1, EP2415869A1"
SM3603,ACCGACGAUUCUUCUACUCTT,GAGUAGAAGAAUCGUCGGUTT,73.0,13.0,"US20120088815A1,   EP2415869A1"
SM3607,GGUAGAAUAGGUUUUCCCCTT,GGGGAAAACCUAUUCUACCTT,54.0,13.0,"US20120088815A1, EP2415869A1"
SM3611,UCCCUUCCACCGCCAUAUUTT,AAUAUGGCGGUGGAAGGGATT,58.0,13.0,"US20120088815A1,   EP2415869A1"
SM3615,CGAGUGUCUAACGGGAGCCTT,GGCUCCCGUUAGACACUCGTT,70.0,13.0,"US20120088815A1, EP2415869A1"
SM3619,GACCACGAAGAGUUAACCCTT,GGGUUAACUCUUCGUGGUCTT,91.0,13.0,"US20120088815A1,   EP2415869A1"
SM3623,AGUUAACCCGGGACUUGGATT,UCCAAGUCCCGGGUUAACUTT,97.0,13.0,"US20120088815A1, EP2415869A1"
SM3627,AUCACAAACCCCUAGAGGGTT,CCCUCUAGGGGUUUGUGAUTT,35.0,13.0,"US20120088815A1,   EP2415869A1"
SM3631,AAACCCCUAGAGGGCAAGUTT,ACUUGCCCUCUAGGGGUUUTT,81.0,13.0,"US20120088815A1, EP2415869A1"
SM3635,UCCGGCUAACUCUGAGGACTT,GUCCUCAGAGUUAGCCGGATT,95.0,13.0,"US20120088815A1,   EP2415869A1"
SM3639,CGACGAUUCUUCUACUCAATT,UUGAGUAGAAGAAUCGUCGTT,72.0,13.0,"US20120088815A1, EP2415869A1"
SM3643,UAAACUUUGGGGAAGGGAGTT,CUCCCUUCCCCAAAGUUUATT,73.0,13.0,"US20120088815A1,   EP2415869A1"
SM3647,AGCGGGGUAUGAAGAGCUUTT,AAGCUCUUCAUACCCCGCUTT,95.0,13.0,"US20120088815A1, EP2415869A1"
SM3651,CUCCCCAGUCUCUCUUAAATT,UUUAAGAGAGACUGGGGAGTT,72.0,13.0,"US20120088815A1,   EP2415869A1"
SM3655,GAAUAACCUGAACGUCACCTT,GGUGACGUUCAGGUUAUUCTT,59.0,13.0,"US20120088815A1, EP2415869A1"
SM3659,ACGUCACCGAGGAGAAGUATT,UACUUCUCCUCGGUGACGUTT,65.0,13.0,"US20120088815A1,   EP2415869A1"
SM3663,AGAAGUACCAGGAGGCGUUTT,AACGCCUCCUGGUACUUCUTT,75.0,13.0,"US20120088815A1, EP2415869A1"
SM3667,AGCCCAGAUAGCUCUUCAGTT,CUGAAGAGCUAUCUGGGCUTT,72.0,13.0,"US20120088815A1,   EP2415869A1"
SM3671,AAACCUCAGCCCUAACGGUTT,ACCGUUAGGGCUGAGGUUUTT,94.0,13.0,"US20120088815A1, EP2415869A1"
SM3675,UUAAGGAGAAGCUGACGGCTT,GCCGUCAGCUUCUCCUUAATT,73.0,13.0,"US20120088815A1,   EP2415869A1"
SM3679,AAGGAACGGGGACACUUACTT,GUAAGUGUCCCCGUUCCUUTT,44.0,13.0,"US20120088815A1, EP2415869A1"
SM3683,GGAGCACGCUUACUACCUUTT,AAGGUAGUAAGCGUGCUCCTT,77.0,13.0,"US20120088815A1,   EP2415869A1"
SM3687,GGCGGGCUCUUUCCUAUUCTT,GAAUAGGAAAGAGCCCGCCTT,77.0,13.0,"US20120088815A1, EP2415869A1"
SM3691,CCGAGAGCUCUCCUACCUUTT,AAGGUAGGAGAGCUCUCGGTT,80.0,13.0,"US20120088815A1,   EP2415869A1"
SM3695,CUCUCCUACCUUCUCCUCUTT,AGAGGAGAAGGUAGGAGAGTT,83.0,13.0,"US20120088815A1, EP2415869A1"
SM3699,CUACCUUCUCCUCUUCUCCTT,GGAGAAGAGGAGAAGGUAGTT,75.0,13.0,"US20120088815A1,   EP2415869A1"
SM3703,AGCCUCCAAACUCCUAGCUTT,AGCUAGGAGUUUGGAGGCUTT,43.0,13.0,"US20120088815A1, EP2415869A1"
SM3707,UCCUAGCUGUCUUGUCCCUTT,AGGGACAAGACAGCUAGGATT,75.0,13.0,"US20120088815A1,   EP2415869A1"
SM3711,AUACUUGGCGGGCUCUUUCTT,GAAAGAGCCCGCCAAGUAUTT,53.0,13.0,"US20120088815A1, EP2415869A1"
SM3715,GGGGCUCUUCUACAUUCCCTT,GGGAAUGUAGAAGAGCCCCTT,77.0,13.0,"US20120088815A1,   EP2415869A1"
SM3719,GAGUAUUUCCGCUGGAACUTT,AGUUCCAGCGGAAAUACUCTT,87.0,13.0,"US20120088815A1, EP2415869A1"
SM3723,GCUGAGGAAAGGGACAUCUTT,AGAUGUCCCUUUCCUCAGCTT,85.0,13.0,"US20120088815A1,   EP2415869A1"
SM3727,GUACUCUGAUGAGGAAGAGTT,CUCUUCCUCAUCAGAGUACTT,75.0,13.0,"US20120088815A1, EP2415869A1"
SM3731,GGCCAAAGUAAUCGUGGUUTT,AACCACGAUUACUUUGGCCTT,93.0,13.0,"US20120088815A1,   EP2415869A1"
SM3735,GUCUAUGCCAAGAAGGGAGTT,CUCCCUUCUUGGCAUAGACTT,81.0,13.0,"US20120088815A1, EP2415869A1"
SM3739,UCUACACCGCGCCCCCCUCTT,GAGGGGGGCGCGGUGUAGATT,84.0,13.0,"US20120088815A1,   EP2415869A1"
SM3743,CGCCCCCCUCAAGCUACCGTT,CGGUAGCUUGAGGGGGGCGTT,81.0,13.0,"US20120088815A1, EP2415869A1"
SM3747,GCUACCGCAACCACGAGCUTT,AGCUCGUGGUUGCGGUAGCTT,47.0,13.0,"US20120088815A1,   EP2415869A1"
SM3751,CUCCUUCAUUCCAGCCUAUTT,AUAGGCUGGAAUGAAGGAGTT,84.0,13.0,"US20120088815A1, EP2415869A1"
SM3755,AGAAAAGCAGCGAUACGCUTT,AGCGUAUCGCUGCUUUUCUTT,78.0,13.0,"US20120088815A1,   EP2415869A1"
SM3759,GGAGCUAGACGGGUACGAGTT,CUCGUACCCGUCUAGCUCCTT,93.0,13.0,"US20120088815A1, EP2415869A1"
SM3763,CGGGUACGAGCCGGAACCUTT,AGGUUCCGGCUCGUACCCGTT,70.0,13.0,"US20120088815A1,   EP2415869A1"
SM3767,ACGGCUCGCUACCCUCGACTT,GUCGAGGGUAGCGAGCCGUTT,87.0,13.0,"US20120088815A1, EP2415869A1"
SM3771,AGAGGACCUAGAAGGCGGCTT,GCCGCCUUCUAGGUCCUCUTT,97.0,13.0,"US20120088815A1,   EP2415869A1"
SM3775,AACUCUACUGUGGAGUCGGTT,CCGACUCCACAGUAGAGUUTT,77.0,13.0,"US20120088815A1, EP2415869A1"
SM3779,AGAAACGCAGUAAUCCGGATT,UCCGGAUUACUGCGUUUCUTT,86.0,13.0,"US20120088815A1,   EP2415869A1"
SM3783,AGUAAUCCGGACUCAACUCTT,GAGUUGAGUCCGGAUUACUTT,72.0,13.0,"US20120088815A1, EP2415869A1"
SM3787,GAGGAAGAUGAGUUGUACCTT,GGUACAACUCAUCUUCCUCTT,81.0,13.0,"US20120088815A1,   EP2415869A1"
SM3791,AGAUGUUCUCGUAAGGACGTT,CGUCCUUACGAGAACAUCUTT,62.0,13.0,"US20120088815A1, EP2415869A1"
SM3795,UCUCGUAAGGACGAAACGATT,UCGUUUCGUCCUUACGAGATT,58.0,13.0,"US20120088815A1,   EP2415869A1"
SM3799,GCUGUAACCUCGGAGAGUUTT,AACUCUCCGAGGUUACAGCTT,71.0,13.0,"US20120088815A1, EP2415869A1"
SM3803,CCUCGGAGAGUUCUACUCUTT,AGAGUAGAACUCUCCGAGGTT,87.0,13.0,"US20120088815A1,   EP2415869A1"
SM3807,GCAAGUGGCAAGAGGAUUATT,UAAUCCUCUUGCCACUUGCTT,71.0,13.0,"US20120088815A1, EP2415869A1"
SM3811,AUGGGAGAAGUAGUCCCCCTT,GGGGGACUACUUCUCCCAUTT,86.0,13.0,"US20120088815A1,   EP2415869A1"
SM3815,AAGUAGUCCCCCUUGAAGATT,UCUUCAAGGGGGACUACUUTT,75.0,13.0,"US20120088815A1, EP2415869A1"
SM3819,GGUAGGGUUGAAGAGACUUTT,AAGUCUCUUCAACCCUACCTT,97.0,13.0,"US20120088815A1,   EP2415869A1"
SM3823,AGCGCUUAAAGGGCGAGAAGATT,UCUUCUCGCCCUUUAAGCGCUTT,86.0,13.0,"US20120088815A1, EP2415869A1"
SM3827,GGCCUUUCUCUCUAGAUAUTT,AUAUCUAGAGAGAAAGGCCTT,91.0,13.0,"US20120088815A1,   EP2415869A1"
SM3831,GCCUCUCUAUCCUUAGCUUTT,AAGCUAAGGAUAGAGAGGCTT,49.0,13.0,"US20120088815A1, EP2415869A1"
SM3835,AAGGACCUAGAGGAGUCACTT,GUGACUCCUCUAGGUCCUUTT,90.0,13.0,"US20120088815A1,   EP2415869A1"
SM3839,CUGACCGGAAGCGCUUAAATT,UUUAAGCGCUUCCGGUCAGTT,87.0,13.0,"US20120088815A1, EP2415869A1"
SM3843,UUAAAGGGCGAGAAGACCGTT,CGGUCUUCUCGCCCUUUAATT,89.0,13.0,"US20120088815A1,   EP2415869A1"
SM3847,GAAGAGCCUACACAACCCUTT,AGGGUUGUGUAGGCUCUUCTT,77.0,13.0,"US20120088815A1, EP2415869A1"
SM3851,CUAGAGGAUCUUGAAGACCTT,GGUCUUCAAGAUCCUCUAGTT,83.0,13.0,"US20120088815A1,   EP2415869A1"
SM3855,ACAUAGAGGAAGACGCGGATT,UCCGCGUCUUCCUCUAUGUTT,91.0,13.0,"US20120088815A1, EP2415869A1"
SM3859,AUCGUCGUCAGGGUAAGGUTT,ACCUUACCCUGACGACGAUTT,50.0,13.0,"US20120088815A1,   EP2415869A1"
SM3863,CUCUGGCCUUUCUCUCUAGTT,CUAGAGAGAAAGGCCAGAGTT,48.0,13.0,"US20120088815A1, EP2415869A1"
SM3867,GACAAGGGAAGGUUAGCCUTT,AGGCUAACCUUCCCUUGUCTT,73.0,13.0,"US20120088815A1,   EP2415869A1"
SM3871,AGACUAAGCCCAAAAGGGCTT,GCCCUUUUGGGCUUAGUCUTT,48.0,13.0,"US20120088815A1, EP2415869A1"
SM3875,CCUCCCCAUCCCCUUUUAATT,UUAAAAGGGGAUGGGGAGGTT,81.0,13.0,"US20120088815A1,   EP2415869A1"
SM3879,AUCAGAGGGAGGUCUUAGATT,UCUAAGACCUCCCUCUGAUTT,73.0,13.0,"US20120088815A1, EP2415869A1"
SM3883,GGGAGGUCUUAGAAAACACTT,GUGUUUUCUAAGACCUCCCTT,84.0,13.0,"US20120088815A1,   EP2415869A1"
SM3887,GGCUUAGUCACUCCUCUUCTT,GAAGAGGAGUGACUAAGCCTT,71.0,13.0,"US20120088815A1, EP2415869A1"
SM3891,ACCUUAAGGACCACCGGAUTT,AUCCGGUGGUCCUUAAGGUTT,77.0,13.0,"US20120088815A1,   EP2415869A1"
SM3895,CGGAUCUACACCUUCAAGATT,UCUUGAAGGUGUAGAUCCGTT,73.0,13.0,"US20120088815A1, EP2415869A1"
SM3899,UACCGAGAAUGAGCCUGAUTT,AUCAGGCUCAUUCUCGGUATT,57.0,13.0,"US20120088815A1,   EP2415869A1"
SM3903,GCUUUAAGGAACUGGAAGGTT,CCUUCCAGUUCCUUAAAGCTT,38.0,13.0,"US20120088815A1, EP2415869A1"
SM3907,UCCUCGUCGUCUGUUCUAATT,UUAGAACAGACGACGAGGATT,86.0,13.0,"US20120088815A1,   EP2415869A1"
SM3911,UUCUAACCGGGCAGCUUCUTT,AGAAGCUGCCCGGUUAGAATT,73.0,13.0,"US20120088815A1, EP2415869A1"
SM3915,GAGGAUGGAUUCGACUUAGTT,CUAAGUCGAAUCCAUCCUCTT,95.0,13.0,"US20120088815A1,   EP2415869A1"
SM3919,UAAAGCUGGAAAGGGACGGTT,CCGUCCCUUUCCAGCUUUATT,67.0,13.0,"US20120088815A1, EP2415869A1"
SM3923,GGAAGUAAGGACCAGAGACTT,GUCUCUGGUCCUUACUUCCTT,45.0,13.0,"US20120088815A1,   EP2415869A1"
SM3927,AAGGCCAACCGAUACUUCUTT,AGAAGUAUCGGUUGGCCUUTT,70.0,13.0,"US20120088815A1, EP2415869A1"
SM3931,GUUCACGUCCUACCCCUUUTT,AAAGGGGUAGGACGUGAACTT,67.0,13.0,"US20120088815A1,   EP2415869A1"
SM3935,AGAGUUGGGAUUAGGGCUUTT,AAGCCCUAAUCCCAACUCUTT,71.0,13.0,"US20120088815A1, EP2415869A1"
SM3939,UUACAAAGGAUCUCCUCCCTT,GGGAGGAGAUCCUUUGUAATT,81.0,13.0,"US20120088815A1,   EP2415869A1"
SM3943,AACAGCCUUACCCCGAUUCTT,GAAUCGGGGUAAGGCUGUUTT,70.0,13.0,"US20120088815A1, EP2415869A1"
SM3947,UUACCCCGAUUCAGCCUCUTT,AGAGGCUGAAUCGGGGUAATT,84.0,13.0,"US20120088815A1,   EP2415869A1"
SM3951,UAACCCCAAGAACGGGCUUTT,AAGCCCGUUCUUGGGGUUATT,75.0,13.0,"US20120088815A1, EP2415869A1"
SM3955,CUAGUCGAAAGAAAACGGGTT,CCCGUUUUCUUUCGACUAGTT,57.0,13.0,"US20120088815A1,   EP2415869A1"
SM3959,AGGACGGUACUUUCGAAAGTT,CUUUCGAAAGUACCGUCCUTT,46.0,13.0,"US20120088815A1, EP2415869A1"
SM3963,GUAUCCGAAGACGAAGCUATT,UAGCUUCGUCUUCGGAUACTT,97.0,13.0,"US20120088815A1,   EP2415869A1"
SM3967,AGAGAGGUGGAGGUAUCUCTT,GAGAUACCUCCACCUCUCUTT,91.0,13.0,"US20120088815A1, EP2415869A1"
SM3971,GAAAACGCUUGUAAAGCCGTT,CGGCUUUACAAGCGUUUUCTT,58.0,13.0,"US20120088815A1,   EP2415869A1"
SM3975,GCUGAACUAGUCGAAAGAATT,UUCUUUCGACUAGUUCAGCTT,81.0,13.0,"US20120088815A1, EP2415869A1"
SM3979,GGAAGAAGAUAGAGCAUCCTT,GGAUGCUCUAUCUUCUUCCTT,38.0,13.0,"US20120088815A1,   EP2415869A1"
SM3983,AUCUACCCAGCUCUCCCUUTT,AAGGGAGAGCUGGGUAGAUTT,79.0,13.0,"US20120088815A1, EP2415869A1"
SM3987,AGCGAUCCCGAACAAGUAUTT,AUACUUGUUCGGGAUCGCUTT,87.0,13.0,"US20120088815A1,   EP2415869A1"
SM3991,CGAAAGUGUAUCCGAAGACTT,GUCUUCGGAUACACUUUCGTT,77.0,13.0,"US20120088815A1, EP2415869A1"
SM3995,CCGAAGACGAAGCUAUGAATT,UUCAUAGCUUCGUCUUCGGTT,48.0,13.0,"US20120088815A1,   EP2415869A1"
SM3999,UCUCCCACCCAAUGGAGAU,AUCUCCAUUGGGUGGGAGATT,83.0,13.0,"US20120088815A1, EP2415869A1"
SM4003,AAACCAGGAAGGGGAAAUCTT,GAUUUCCCCUUCCUGGUUUTT,69.0,13.0,"US20120088815A1,   EP2415869A1"
SM4007,GAAGGGGAAAUCUGUGGUUTT,AACCACAGAUUUCCCCUUCTT,66.0,13.0,"US20120088815A1, EP2415869A1"
SM4011,GGGAGGAUGACAAAGAAGCTT,GCUUCUUUGUCAUCCUCCCTT,86.0,13.0,"US20120088815A1,   EP2415869A1"
SM4015,GAAACUGGUACUUUCCCCCTT,GGGGGAAAGUACCAGUUUCTT,90.0,13.0,"US20120088815A1, EP2415869A1"
SM4019,AUCGCUGCUCCUCCUCCUCTT,GAGGAGGAGGAGCAGCGAUTT,72.0,13.0,"US20120088815A1,   EP2415869A1"
SM4023,AGCUCUUUGUCACCUCUCUTT,AGAGAGGUGACAAAGAGCUTT,39.0,13.0,"US20120088815A1, EP2415869A1"
SM4027,AAUAAGCAGCUCGCGCUCCTT,GGAGCGCGAGCUGCUUAUUTT,58.0,13.0,"US20120088815A1,   EP2415869A1"
SM4031,CUAGAGGAUCUUGAAGACCTT,GGUCUUCAAGAUCCUCUAGTT,97.0,13.0,"US20120088815A1, EP2415869A1"
SM4035,AUCGACCUGAAGGAGUACGTT,CGUACUCCUUCAGGUCGAUTT,32.0,13.0,"US20120088815A1,   EP2415869A1"
SM4039,CCCUCCCCUGUCCCCGCUUTT,AAGCGGGGACAGGGGAGGGTT,75.0,13.0,"US20120088815A1, EP2415869A1"
SM4043,UUUGAUCAGCGGAGACUCGTT,CGAGUCUCCGCUGAUCAAATT,94.0,13.0,"US20120088815A1,   EP2415869A1"
SM4047,AGUUAACCCGGGACUUGGATT,UCCAAGUCCCGGGUUAACUTT,93.0,13.0,"US20120088815A1, EP2415869A1"
SM4051,AUCACAAACCCCUAGAGGGTT,CCCUCUAGGGGUUUGUGAUTT,77.0,13.0,"US20120088815A1,   EP2415869A1"
SM4055,AAACCCCUAGAGGGCAAGUTT,ACUUGCCCUCUAGGGGUUUTT,84.0,13.0,"US20120088815A1, EP2415869A1"
SM4059,GGAACCUCACAUCAACGCGCATT,UGCGCGUUGAUGUGAGGUUCCTT,70.0,13.0,"US20120088815A1,   EP2415869A1"
SM4063,UGAACGUCACCGAGGAGAATT,UUCUCCUCGGUGACGUUCATT,87.0,13.0,"US20120088815A1, EP2415869A1"
SM4067,AACCCAAAGGGGAGUUGCUTT,AGCAACUCCCCUUUGGGUUTT,97.0,13.0,"US20120088815A1,   EP2415869A1"
SM4071,AAAGGGGAGUUGCUGGAAGTT,CUUCCAGCAACUCCCCUUUTT,77.0,13.0,"US20120088815A1, EP2415869A1"
SM4075,AAACGUGACUUUGGUUCCUTT,AGGAACCAAAGUCACGUUUTT,86.0,13.0,"US20120088815A1,   EP2415869A1"
SM4079,GAAUAACCUGAACGUCACCTT,GGUGACGUUCAGGUUAUUCTT,72.0,13.0,"US20120088815A1, EP2415869A1"
SM4083,ACGUCACCGAGGAGAAGUATT,UACUUCUCCUCGGUGACGUTT,81.0,13.0,"US20120088815A1,   EP2415869A1"
SM4087,AGAAGUACCAGGAGGCGUUTT,AACGCCUCCUGGUACUUCUTT,62.0,13.0,"US20120088815A1, EP2415869A1"
SM4091,AAACCUCAGCCCUAACGGUTT,ACCGUUAGGGCUGAGGUUUTT,71.0,13.0,"US20120088815A1,   EP2415869A1"
SM4095,UUAAGGAGAAGCUGACGGCTT,GCCGUCAGCUUCUCCUUAATT,87.0,13.0,"US20120088815A1, EP2415869A1"
SM4099,AACUUCUGGGAGCCUCCAATT,UUGGAGGCUCCCAGAAGUUTT,75.0,13.0,"US20120088815A1,   EP2415869A1"
SM4103,CCAGCGAGCCCAAAAGAAATT,UUUCUUUUGGGCUCGCUGGTT,87.0,13.0,"US20120088815A1, EP2415869A1"
SM4107,CUCAAAUCAAGGCCGGAGUTT,ACUCCGGCCUUGAUUUGAGTT,86.0,13.0,"US20120088815A1,   EP2415869A1"
SM4111,AGCCUCCAAACUCCUAGCUTT,AGCUAGGAGUUUGGAGGCUTT,71.0,13.0,"US20120088815A1, EP2415869A1"
SM4115,AUACUUGGCGGGCUCUUUCTT,GAAAGAGCCCGCCAAGUAUTT,73.0,13.0,"US20120088815A1,   EP2415869A1"
SM4119,UUGGGGAAGCGGCCGGCGGTT,CCGCCGGCCGCUUCCCCAATT,84.0,13.0,"US20120088815A1, EP2415869A1"
SM4123,AAGGCAUGCUUCGGAAACUTT,AGUUUCCGAAGCAUGCCUUTT,96.0,13.0,"US20120088815A1,   EP2415869A1"
SM4127,GCUUCGGAAACUGGACAUCTT,GAUGUCCAGUUUCCGAAGCTT,91.0,13.0,"US20120088815A1, EP2415869A1"
SM4131,AACUCUACUGUGGAGUCGGTT,CCGACUCCACAGUAGAGUUTT,73.0,13.0,"US20120088815A1,   EP2415869A1"
SM4135,AGAAACGCAGUAAUCCGGATT,UCCGGAUUACUGCGUUUCUTT,87.0,13.0,"US20120088815A1, EP2415869A1"
SM4139,GGAAGUCCACCUUCUCCGATT,UCGGAGAAGGUGGACUUCCTT,55.0,13.0,"US20120088815A1,   EP2415869A1"
SM4143,CUCCGACAGAUGAAGGAAATT,UUUCCUUCAUCUGUCGGAGTT,73.0,13.0,"US20120088815A1, EP2415869A1"
SM4147,AAGGACCUAGAGGAGUCACTT,GUGACUCCUCUAGGUCCUUTT,83.0,13.0,"US20120088815A1,   EP2415869A1"
SM4151,CUGACCGGAAGCGCUUAAATT,UUUAAGCGCUUCCGGUCAGTT,90.0,13.0,"US20120088815A1, EP2415869A1"
SM4155,GAAGAGCCUACACAACCCUTT,AGGGUUGUGUAGGCUCUUCTT,76.0,13.0,"US20120088815A1,   EP2415869A1"
SM4159,ACAGAAAGAGUUCGAGGAGTT,CUCCUCGAACUCUUUCUGUTT,65.0,13.0,"US20120088815A1, EP2415869A1"
SM4163,AGGAGACCGUGACAUUUCGTT,CGAAAUGUCACGGUCUCCUTT,0.0,13.0,"US20120088815A1,   EP2415869A1"
SM4167,ACCUUAAGGACCACCGGAUTT,AUCCGGUGGUCCUUAAGGUTT,73.0,13.0,"US20120088815A1, EP2415869A1"
SM4171,CGGAUCUACACCUUCAAGATT,UCUUGAAGGUGUAGAUCCGTT,44.0,13.0,"US20120088815A1,   EP2415869A1"
SM4175,GCUUUAAGGAACUGGAAGGTT,CCUUCCAGUUCCUUAAAGCTT,77.0,13.0,"US20120088815A1, EP2415869A1"
SM4179,GAGAGAGACGGUGGAAGAATT,UUCUUCCACCGUCUCUCUCTT,75.0,13.0,"US20120088815A1,   EP2415869A1"
SM4183,AUCCUGCAGAAGAAGCCUCTT,GAGGCUUCUUCUGCAGGAUTT,53.0,13.0,"US20120088815A1, EP2415869A1"
SM4187,UCCUCGUCGUCUGUUCUAATT,UUAGAACAGACGACGAGGATT,84.0,13.0,"US20120088815A1,   EP2415869A1"
SM4191,AACCCACCACAGCUAGAACUU,GUUCUAGCUGUGGUGGGUUUU,89.0,13.0,"US20120088815A1, EP2415869A1"
SM4195,UUACAAAGGAUCUCCUCCCTT,GGGAGGAGAUCCUUUGUAATT,77.0,13.0,"US20120088815A1,   EP2415869A1"
SM4199,AAACGAGAGAGCCCACCUUTT,AAGGUGGGCUCUCUCGUUUTT,58.0,13.0,"US20120088815A1, EP2415869A1"
SM4203,AAAGCGGUGGAUCAGCUCUTT,AGAGCUGAUCCACCGCUUUTT,69.0,13.0,"US20120088815A1,   EP2415869A1"
SM4207,UCCAAGCUUCCUCGUUGGUTT,ACCAACGAGGAAGCUUGGATT,71.0,13.0,"US20120088815A1, EP2415869A1"
SM4211,AGAGAGGUGGAGGUAUCUCTT,GAGAUACCUCCACCUCUCUTT,90.0,13.0,"US20120088815A1,   EP2415869A1"
SM4215,CCGAAGACGAAGCUAUGAATT,UUCAUAGCUUCGUCUUCGGTT,73.0,13.0,"US20120088815A1, EP2415869A1"
SM4231,AACCUUACCCACCUCAUGUAUCU,AGAUACAUGAGGUGGGUAAGGUU,86.0,17.0,25233814
SM4250,AACCUUACCCACCUCAUGUAUCU,AGAUACAUGAGGUGGGUAAGGUU,97.0,17.0,25233814
SM4297,AAGUAAGGACCAGAGACAAA,UUUGUCUCUGGUCCUUACUU,55.0,1.5,15974578
SM4452,GGCCUUUCACUACUCCUACGA,GUAGGAGUAGUGAAAGGCCAG,82.0,1.0,21985606
SM4457,GGCCUUUCACUACUCCUACGA,GUAGGAGUAGUGAAAGGCCAG,0.0,100.0,21985606
SM4460,UCCUACAGCACAACAAAUGUG,CAUUUGUUGUGCUGUAGGAAG,50.0,50000.0,21985606
SM4466,UCCUACAGCACAACAAAUGUG,CAUUUGUUGUGCUGUAGGAAG,35.0,50000.0,21985606
SM4472,UCCUACAGCACAACAAAUGUG,CAUUUGUUGUGCUGUAGGAAG,0.0,1000.0,21985606
SM4478,UCCUACAGCACAACAAAUGUG,CAUUUGUUGUGCUGUAGGAAG,0.0,1000.0,21985606
SM4533,GGCCUUUCACUACUCCUACGA,GUAGGAGUAGUGAAAGGCCAG,58.0,0.1999999999999886,22236254
SM4597,GGCCUUUCACUACUCCUACTT,AGUAGGAGUAGUGAAAGGCCTT,97.0,33.0,22372696
SM4606,UAAGGCUAUGAAGAGAUACTT,AGUAUCUCUUCAUAGCCUUATT,1.0,33.0,22372696
SM4619,GGCCUUUCACUACUCCUACGA,GUAGGAGUAGUGAAAGGCCAG,82.0,1.0,22494497
SM4623,CUGGCCUUUCACUACUCCUACGAGCAC,GUGCUCGUAGGAGUAGUGAAAGGCCAG,80.0,1.0,22494497
SM4627,GGCCUUUCACUACUCCUACGA,GUAGGAGUAGUGAAAGGCCAG,58.0,0.1999999999999886,22494497
SM4631,CUGGCCUUUCACUACUCCUACGAGCAC,GUGCUCGUAGGAGUAGUGAAAGGCCAG,69.0,0.1999999999999886,22494497
SM4635,GGCCUUUCACUACUCCUACGA,GUAGGAGUAGUGAAAGGCCAG,12.0,600.0,22494497
SM4639,CUGGCCUUUCACUACUCCUACGAGCAC,GUGCUCGUAGGAGUAGUGAAAGGCCAG,0.0,600.0,22494497
SM4643,GGCCUUUCACUACUCCUACGA,GUAGGAGUAGUGAAAGGCCAG,0.0,50.0,22494497
SM4647,CUGGCCUUUCACUACUCCUACGAGCAC,GUGCUCGUAGGAGUAGUGAAAGGCCAG,0.0,50.0,22494497
SM4651,UCCUACAGCACAACAAAUGUG,CAUUUGUUGUGCUGUAGGAAG,75.0,100.0,22494497
SM4653,CUUCCUACAGCACAACAAAUGUGAAUG,CAUUCACAUUUGUUGUGCUGUAGGAAG,90.0,100.0,22494497
SM4655,UCCUACAGCACAACAAAUGUG,CAUUUGUUGUGCUGUAGGAAG,13.0,100.0,22494497
SM4657,CUUCCUACAGCACAACAAAUGUGAAUG,CAUUCACAUUUGUUGUGCUGUAGGAAG,36.0,100.0,22494497
SM4659,CUUACGCUGAGUACUUCGATT,UCGAAGUACUCAGCGUAAGTT,96.0,13.0,US 20080249039 A1
SM4828,UGAAUCAGAAGAUGAAGUCAA,GACUUCAUCUUCUGAUUCAAG,60.0,2.0,23820891
SM4832,UGAAUCAGAAGAUGAAGUCAA,GACUUCAUCUUCUGAUUCAAG,94.0,2.0,23820891
SM4855,GCGCGCUUUGUAGGAUUCGTT,CGAAUCCUACAAAGCGCGCTT,0.0,25.0,15919084
SM4856,CGUACGCGGAAUACUUCGATT,UCGAAGUAUUCCGCGUACGTT,95.4,25.0,15919084
SM4877,CGUACGCGGAAUACUUCGATT,UCGAAGUAUUCCGCGUACGTT,95.4,25.0,17150641
SM4885,AAACAUGCAGAAAAUGCUGTT,CAGCAUUUUCUGCAUGUUUTT,41.7,25.0,17150641
SM4893,CGUACGCGGAAUACUUCGATT,UCGAAGUAUUCCGCGUACGTT,95.4,25.0,17924376
SM4912,CGUACGCGGAAUACUUCGATT,UCGAAGUAUUCCGCGUACGTT,95.4,25.0,17924376
SM4932,AAACAUGCAGAAAAUGCUGTT,CAGCAUUUUCUGCAUGUUUTT,41.7,25.0,17924376
SM4951,AAACAUGCAGAAAAUGCCUTT,CAGCAUUUUCUGCAUGUUUTT,69.7,25.0,17924376
